Region,Location,Name,Frequency,Duplex,Offset,Tone,Mode,Type,Tag,Notes,LastVerified,Source,Lat,Lon
Dutchess,Mt. Beacon,N2FZC Mt. Beacon ARC,146.970,-,0.6,100.0,FM,Repeater,ham,"Sponsor Mt. Beacon ARC; input 146.370; TX/RX at both locations per club. Dutchess ARES/RACES secondary + Dutchess primary SKYWARN (NWS Albany). Hudson Valley Net daily 7:30pm, MBARC on-air meeting Mon 8pm. Callsign conflict: N2FZC (MBARC site, HVNet, RepeaterBook 2026-04-12) vs AE2AN (OMARC, Sullivan ARES, nyrepeaters) vs KC2DAA (2011 list). Site elev 1531 ft per HVNet. approx: Beacon Mountain summit (Wikipedia)",,https://wr2abb.org/home/home/mt-beacon-amateur-radio-club-repeaters/,41.4884,-73.9451
Dutchess,Millbrook,N2EYH Mt. Beacon ARC,146.895,-,0.6,100.0,FM,Repeater,ham,Mt. Beacon ARC; input 146.295. Dutchess ARES/RACES primary (paired/linked with 147.045 per ENY + 2011 list). approx: Millbrook village center,,https://wr2abb.org/home/home/mt-beacon-amateur-radio-club-repeaters/,41.7847,-73.6878
Ulster,"Illinois Mountain, Highland",N2OXV Mt. Beacon ARC,147.045,+,0.6,100.0,FM,Repeater,ham,Mt. Beacon ARC; input 147.645. Dutchess ARES/RACES primary (147.045/146.895); Hudson Valley Net alternate. Site elev 1125 ft. approx: Illinois Mountain summit (Wikipedia),,https://www.hvnet.org/,41.7203,-73.995
Dutchess,Mt. Beacon,WA2GZW Mt. Beacon ARC,449.575,-,5,100.0,FM,Repeater,ham,Mt. Beacon ARC; input 444.575. approx: Beacon Mountain summit,,https://wr2abb.org/home/home/mt-beacon-amateur-radio-club-repeaters/,41.4884,-73.9451
Dutchess,Clove,N2DXL Mt. Beacon ARC,449.975,-,5,88.5,FM,Repeater,ham,"Mixed DMR & FM; DMR Color Code 11, TS1, group 9975, local only. Input 444.975. approx: Clove hamlet center (OSM)",,https://wr2abb.org/home/home/mt-beacon-amateur-radio-club-repeaters/,41.6709,-73.6749
Ulster,Woodstock,WA2MJM Overlook Mtn ARC,146.805,-,0.6,103.5,FM,Repeater,ham,OMARC primary repeater. Ulster County ARES/RACES primary + primary SKYWARN (NWS Albany). Exact site not published; approx: Woodstock town center,,https://omarcclub.org/on-the-air/,42.0406,-74.1289
Ulster,Kingston,WA2MJM Overlook Mtn ARC,147.255,+,0.6,103.5,FM,Repeater,ham,OMARC backup repeater; Ulster ARES/RACES secondary + secondary SKYWARN. Tone conflict: 2011 Sullivan directory (qsl.net/n2vc) listed PL 71.9; current OMARC + ENY say 103.5. approx: Kingston city center,,https://omarcclub.org/on-the-air/,41.9286,-74.0019
Ulster,Krumville,KC2BYY,146.745,-,0.6,123.0,FM,Repeater,ham,Ulster ARES/RACES backup/portable repeater. Krumville site + call per nyrepeaters.com; 2011 list names Ridge Top ARC. approx: Krumville hamlet center,,http://eny.arrl.org/ARES/FILES/Ulster.htm,41.8847,-74.2425
Orange,Schunnemunk Mountain,KC2OUR Orange County ARES/RACES,147.105,+,0.6,114.8,FM,Repeater,ham,"OC ARES/RACES primary (linked system, EchoLink KC2OUR-R) + primary SKYWARN (NWS Upton). Site conflict: ENY says Schunny Mt; Sullivan ARES says Arden; nyrepeaters says Woodbury/N2ACF; 2011 list Harriman/N2JTI. approx: Schunemunk Mountain summit (Wikipedia)",,http://eny.arrl.org/ARES/FILES/Orange.htm,41.3918,-74.1163
Orange,Graham Mountain (western Orange),KC2OUR Orange County ARES/RACES,448.325,-,5,123.0,FM,Repeater,ham,"OC ARES/RACES primary linked system, western Orange. Duplex from nyrepeaters.com. Coordinates left blank: could not confirm which Graham Mtn (not the Catskills peak)",,http://eny.arrl.org/ARES/FILES/Orange.htm,,
Orange,Goshen,KC2OUR Orange County ARES/RACES,449.675,-,5,162.2,FM,Repeater,ham,"OC ARES/RACES primary linked system, central Orange. Duplex from nyrepeaters.com. approx: Goshen village center",,http://eny.arrl.org/ARES/FILES/Orange.htm,41.4,-74.3167
Dutchess,Mt. Beacon,KC2OUR Orange County ARES/RACES,443.550,+,5,156.7,FM,Repeater,ham,"OC ARES/RACES primary linked system, covers eastern Orange from Mt. Beacon. Duplex from nyrepeaters.com. approx: Beacon Mountain summit",,http://eny.arrl.org/ARES/FILES/Orange.htm,41.4884,-73.9451
Orange,Walden,KC2OUR Orange County ARES/RACES,146.625,,,127.3,FM,Repeater,ham,"OC ARES/RACES primary linked system, northern Orange. ENY lists 'RX 146.625 / TX 147.885' (nonstandard; possibly a link) so duplex/offset left blank; nyrepeaters lists 146.625 - at West Point. approx: Walden village center",,http://eny.arrl.org/ARES/FILES/Orange.htm,41.56,-74.1897
Orange,Finchville (Middletown),WA2VDX,146.760,-,0.6,100.0,FM,Repeater,ham,"OC ARES/RACES secondary. Located 'Middletown' in 2011 list, Finchville in nyrepeaters.com. approx: Finchville hamlet center (OSM)",,http://eny.arrl.org/ARES/FILES/Orange.htm,41.4279,-74.5713
Orange,Finchville (Middletown),WA2VDX,449.525,-,5,123.0,FM,Repeater,ham,OC ARES/RACES secondary. approx: Finchville hamlet center (OSM),,http://eny.arrl.org/ARES/FILES/Orange.htm,41.4279,-74.5713
Orange,New Windsor,W2TRR,147.075,+,0.6,88.5,FM,Repeater,ham,Newburgh area. Sponsor not confirmed. Note 147.075 is shared with KQ2H Ellenville and N2ETY Cragsmoor (different tones). approx: New Windsor CDP center,2025-05-10,https://www.nyrepeaters.com/eny2m.htm,41.4875,-74.0189
Orange,West Point,W2KGY,145.270,-,0.6,100.0,Fusion,Repeater,ham,FM/YSF (System Fusion). Sponsor not confirmed. approx: West Point center,2017-08-20,https://www.nyrepeaters.com/eny2m.htm,41.395,-73.955
Putnam,"Mt. Ninham, Carmel",K2PUT PEARL,145.130,-,0.6,136.5,FM,Repeater,ham,Putnam Emergency & Amateur Repeater League. Putnam ARES primary + primary SKYWARN (NWS Upton). Site 1320 ft. approx: Ninham Mountain fire tower (OSM),,http://www.k2put.org/pearl-repeaters,41.4615,-73.7252
Putnam,"Mt. Ninham, Carmel",K2PUT PEARL,445.875,-,5,,D-STAR,Repeater,ham,PEARL D-STAR; Putnam ARES secondary. approx: Ninham Mountain fire tower (OSM),,http://www.k2put.org/pearl-repeaters,41.4615,-73.7252
Putnam,Lake Peekskill,W2NYW Peekskill/Cortlandt ARA,146.670,-,0.6,156.7,FM,Repeater,ham,PCARA nets Tue & Thu 8pm; input 146.070. Lake Peekskill site per nyrepeaters/RepeaterBook. approx: Lake Peekskill hamlet center,,http://www.pcara.org/,41.3347,-73.8808
Putnam,Putnam Valley,Peekskill/Cortlandt ARA,448.725,-,5,107.2,FM,Repeater,ham,"PCARA UHF; input 443.725. Site/call (Putnam Valley, N2CBH) from nyrepeaters.com only. approx: Putnam Valley town center",,http://www.pcara.org/,41.3358,-73.8739
Putnam,Lake Peekskill,Peekskill/Cortlandt ARA,449.925,-,5,179.9,FM,Repeater,ham,"PCARA UHF; input 444.925. Site/call (Lake Peekskill, KB2CQE) from nyrepeaters.com only. approx: Lake Peekskill hamlet center",,http://www.pcara.org/,41.3347,-73.8808
Rockland,Orangetown,WB2RRA Rockland Repeater Assn,147.165,+,0.6,114.8,FM,Repeater,ham,Rockland ARES/RACES primary + primary SKYWARN (NWS Upton). Orangetown site per nyrepeaters (2011 list: Nyack). approx: Orangetown town center,,http://eny.arrl.org/ARES/FILES/Rockland.htm,41.0586,-73.9617
Rockland,Orangetown,N2ACF Rockland Repeater Assn,145.170,-,0.6,114.8,FM,Repeater,ham,Part of wide N2ACF system. approx: Orangetown town center,,https://sullivan-ares.org/frequencies,41.0586,-73.9617
Rockland,Pomona,N2ACF Rockland Repeater Assn,146.460,+,1,77.0,FM,Repeater,ham,Nonstandard +1 MHz split (input 147.460). Tone conflict: 2011 list said 114.8; current Sullivan ARES + nyrepeaters say 77.0. approx: Pomona village center,,https://sullivan-ares.org/frequencies,41.1864,-74.0556
Rockland,Bear Mountain,N2ACF Rockland Repeater Assn,447.800,-,5,114.8,FM,Repeater,ham,"N2ACF system; near Peekskill. approx: Bear Mountain State Park (Wikipedia coords), not summit",2025-05-14,https://www.nyrepeaters.com/eny440.htm,41.3128,-74.0058
Dutchess,Beacon,N2ACF Rockland Repeater Assn,449.275,-,5,114.8,FM,Repeater,ham,N2ACF system. approx: Beacon city center,2025-05-14,https://www.nyrepeaters.com/eny440.htm,41.5042,-73.9656
Sullivan,Sullivan County (site not published),K2SUL Sullivan County ARES,145.150,-,0.6,146.2,FM,Repeater,ham,Sullivan ARES repeater; tone changed from original 94.8 (ENY Sullivan page still lists 147.375+ 94.8 as SKYWARN primary). Site unknown so coords blank,,https://sullivan-ares.org/frequencies,,
Sullivan,"Thunder Hill, Grahamsville",KC2AXO Southern Catskills ARS,147.135,+,0.6,94.8,FM,Repeater,ham,Covers most of Sullivan County. approx: Grahamsville hamlet center (Thunder Hill not geocoded),,https://sullivan-ares.org/frequencies,41.8461,-74.5447
Sullivan,Liberty,N2ACF Rockland Repeater Assn,441.950,+,5,114.8,FM,Repeater,ham,N2ACF system. approx: Liberty village center,,https://sullivan-ares.org/frequencies,41.8,-74.7333
Sullivan,Wurtsboro,N2ACF Rockland Repeater Assn,449.875,-,5,114.8,FM,Repeater,ham,N2ACF system. approx: Wurtsboro village center,,https://sullivan-ares.org/frequencies,41.5761,-74.4856
Ulster,Ellenville,KQ2H,147.075,+,0.6,94.8,FM,Repeater,ham,KQ2H linked system (Alex Muzyka). nyrepeaters also lists N2ETY Cragsmoor 147.075 PL 114.8 nearby. approx: Ellenville village center,,https://sullivan-ares.org/frequencies,41.7169,-74.3933
Ulster,Marlboro,WA2BXK,447.725,-,5,100.0,FM,Repeater,ham,Sponsor not confirmed; Newburgh/Marlboro area. approx: Marlboro hamlet center,2025-05-10,https://www.nyrepeaters.com/eny440.htm,41.6047,-73.9747
Ulster,New Paltz,K2MTB,447.925,-,5,118.8,FM,Repeater,ham,IRLP 4666. Sponsor not confirmed. approx: New Paltz village center,2025-05-10,https://www.nyrepeaters.com/eny440.htm,41.75,-74.0833
Ulster,Kingston,K2HVC,442.050,+,5,94.8,FM,Repeater,ham,Sponsor not confirmed. approx: Kingston city center,2025-05-10,https://www.nyrepeaters.com/eny440.htm,41.9286,-74.0019
Westchester,Valhalla,WB2ZII WECA,147.060,+,0.6,114.8,FM,Repeater,ham,"Westchester Emergency Communications Assn. Westchester ARES/RACES primary + primary SKYWARN (NWS Upton). Voted receivers incl. Harriman (Orange), Bedford, North Salem; EchoLink 825225. approx: Valhalla hamlet center",2022-11-20,https://www.weca.org/facilities/repeatertones,41.075,-73.7753
Westchester,Yorktown Heights,WB2IXR,147.015,+,0.6,114.8,FM,Repeater,ham,Westchester ARES/RACES secondary. Yorktown site per 2011 list/nyrepeaters. approx: Yorktown Heights center,,http://eny.arrl.org/ARES/FILES/Westchester.htm,41.2772,-73.7814
Greene,Cairo,N2SQW Rip Van Winkle ARS,147.090,+,0.6,,FM,Repeater,ham,OMARC lists PL as 'None' (carrier access). approx: Cairo hamlet center,,https://omarcclub.org/on-the-air/,42.3022,-73.9956
Columbia,Hudson,N2LEN,147.150,+,0.6,114.8,FM,Repeater,ham,"Greene ARES/RACES primary + Greene/Columbia secondary SKYWARN. Tone conflict: ENY Greene page says 114.3 (not a valid CTCSS tone, likely typo); nyrepeaters says 114.8. Hudson site per nyrepeaters. approx: Hudson city center",,http://eny.arrl.org/ARES/FILES/Greene.htm,42.25,-73.7897
Columbia,Martindale,K2RVW,147.210,+,0.6,,FM,Repeater,ham,"Columbia ARES primary (net Tue 7pm) + secondary SKYWARN. ENY gives no tone; nyrepeaters shows 110.9 only as output tone, so access tone unconfirmed. Martindale site per nyrepeaters (ENY/other sources say Hudson). approx: Martindale hamlet (OSM)",,http://eny.arrl.org/ARES/FILES/Columbia.htm,42.207,-73.6318
